Insert into public."Meal" (id, name) VALUES (6,'Pasta Bolognaise');
Insert into public."Meal" (id, name) VALUES (8,'Chicken Fajitas');
Insert into public."Meal" (id, name) VALUES (7,'Chilli Con Carne');
Insert into public."Meal" (id, name) VALUES (9,'Sausage and Mash');

Insert into public."Ingredient" (id, name, category, units) VALUES (3,'Bacon','Fridge','Pack');
Insert into public."Ingredient" (id, name, category, units) VALUES (5,'Chips','Freezer','Bag');
Insert into public."Ingredient" (id, name, category, units) VALUES (9,'Ham','Fridge','Pack');
Insert into public."Ingredient" (id, name, category, units) VALUES (10,'Brocolli','Veg','Head');
Insert into public."Ingredient" (id, name, category, units) VALUES (11,'Pasta','Cupboard','g');
Insert into public."Ingredient" (id, name, category, units) VALUES (16,'Strong White Flour','Baking','g');
Insert into public."Ingredient" (id, name, category, units) VALUES (17,'Sachet 7g Yeast','Baking','Pack');
Insert into public."Ingredient" (id, name, category, units) VALUES (18,'Sugar','Baking','tsp');
Insert into public."Ingredient" (id, name, category, units) VALUES (19,'Wraps','Bread','Pack');
Insert into public."Ingredient" (id, name, category, units) VALUES (20,'Naan Bread','Bread','Pack');
Insert into public."Ingredient" (id, name, category, units) VALUES (21,'Oil','Cupboard','tsp');
Insert into public."Ingredient" (id, name, category, units) VALUES (13,'Bolognaise Sauce','Cupboard','Jar');
Insert into public."Ingredient" (id, name, category, units) VALUES (22,'Chilli Mix','Cupboard','Pack');
Insert into public."Ingredient" (id, name, category, units) VALUES (23,'Mince','Meat','g');
Insert into public."Ingredient" (id, name, category, units) VALUES (27,'Chopped Tomatoes','Cupboard','Tin');
Insert into public."Ingredient" (id, name, category, units) VALUES (28,'Red Kidney Beans in chilli sauce','Cupboard','Tin');
Insert into public."Ingredient" (id, name, category, units) VALUES (29,'Rice','Cupboard','Portion');
Insert into public."Ingredient" (id, name, category, units) VALUES (30,'Salsa','Cupboard','Bottle');
Insert into public."Ingredient" (id, name, category, units) VALUES (31,'Cheese','Fridge','Portion');
Insert into public."Ingredient" (id, name, category, units) VALUES (32,'Nachos','Cupboard','Bag');
Insert into public."Ingredient" (id, name, category, units) VALUES (35,'BBQ Fajita Kit','Cupboard','Pack');
Insert into public."Ingredient" (id, name, category, units) VALUES (36,'Sour Cream','Fridge','Pot');
Insert into public."Ingredient" (id, name, category, units) VALUES (38,'Sausages','Meat','Pack');
Insert into public."Ingredient" (id, name, category, units) VALUES (40,'Frozen Peas','Freezer','Portion');
Insert into public."Ingredient" (id, name, category, units) VALUES (41,'Stuffing','Cupboard','Pack');
Insert into public."Ingredient" (id, name, category, units) VALUES (8,'Eggs','Fridge','');
Insert into public."Ingredient" (id, name, category, units) VALUES (24,'Carrots','Veg','');
Insert into public."Ingredient" (id, name, category, units) VALUES (25,'Red Pepper','Veg','');
Insert into public."Ingredient" (id, name, category, units) VALUES (26,'Onion','Veg','');
Insert into public."Ingredient" (id, name, category, units) VALUES (33,'Chicken Breast','Meat','');
Insert into public."Ingredient" (id, name, category, units) VALUES (34,'Green Pepper','Fridge','');
Insert into public."Ingredient" (id, name, category, units) VALUES (37,'Cucumber','Veg','');
Insert into public."Ingredient" (id, name, category, units) VALUES (39,'Potatoes','Veg','');
Insert into public."Ingredient" (id, name, category, units) VALUES (42,'Frozen Peas','Freezer','Potion');
Insert into public."Ingredient" (id, name, category, units) VALUES (43,'Gravy Granules ','Cupboard','tsp');

Insert into public."RecipeIngredient" (id, amount,"ingredientId","mealId") VALUES (11,1,24,6);
Insert into public."RecipeIngredient" (id, amount,"ingredientId","mealId") VALUES (12,1,13,6);
Insert into public."RecipeIngredient" (id, amount,"ingredientId","mealId") VALUES (13,250,23,6);
Insert into public."RecipeIngredient" (id, amount,"ingredientId","mealId") VALUES (14,1,21,6);
Insert into public."RecipeIngredient" (id, amount,"ingredientId","mealId") VALUES (15,280,11,6);
Insert into public."RecipeIngredient" (id, amount,"ingredientId","mealId") VALUES (37,0.5,36,8);
Insert into public."RecipeIngredient" (id, amount,"ingredientId","mealId") VALUES (38,2,33,8);
Insert into public."RecipeIngredient" (id, amount,"ingredientId","mealId") VALUES (39,1,25,8);
Insert into public."RecipeIngredient" (id, amount,"ingredientId","mealId") VALUES (40,1,34,8);
Insert into public."RecipeIngredient" (id, amount,"ingredientId","mealId") VALUES (41,1,26,8);
Insert into public."RecipeIngredient" (id, amount,"ingredientId","mealId") VALUES (42,1,35,8);
Insert into public."RecipeIngredient" (id, amount,"ingredientId","mealId") VALUES (43,1,32,8);
Insert into public."RecipeIngredient" (id, amount,"ingredientId","mealId") VALUES (44,1,37,8);
Insert into public."RecipeIngredient" (id, amount,"ingredientId","mealId") VALUES (48,0.5,32,7);
Insert into public."RecipeIngredient" (id, amount,"ingredientId","mealId") VALUES (49,250,23,7);
Insert into public."RecipeIngredient" (id, amount,"ingredientId","mealId") VALUES (50,1,21,7);
Insert into public."RecipeIngredient" (id, amount,"ingredientId","mealId") VALUES (51,1,24,7);
Insert into public."RecipeIngredient" (id, amount,"ingredientId","mealId") VALUES (52,1,25,7);
Insert into public."RecipeIngredient" (id, amount,"ingredientId","mealId") VALUES (53,1,26,7);
Insert into public."RecipeIngredient" (id, amount,"ingredientId","mealId") VALUES (54,1,22,7);
Insert into public."RecipeIngredient" (id, amount,"ingredientId","mealId") VALUES (55,1,27,7);
Insert into public."RecipeIngredient" (id, amount,"ingredientId","mealId") VALUES (56,1,28,7);
Insert into public."RecipeIngredient" (id, amount,"ingredientId","mealId") VALUES (57,1,29,7);
Insert into public."RecipeIngredient" (id, amount,"ingredientId","mealId") VALUES (58,1,19,7);
Insert into public."RecipeIngredient" (id, amount,"ingredientId","mealId") VALUES (59,1,30,7);
Insert into public."RecipeIngredient" (id, amount,"ingredientId","mealId") VALUES (60,1,31,7);
Insert into public."RecipeIngredient" (id, amount,"ingredientId","mealId") VALUES (61,6,43,9);
Insert into public."RecipeIngredient" (id, amount,"ingredientId","mealId") VALUES (62,1,24,9);
Insert into public."RecipeIngredient" (id, amount,"ingredientId","mealId") VALUES (63,1,38,9);
Insert into public."RecipeIngredient" (id, amount,"ingredientId","mealId") VALUES (64,1,21,9);
Insert into public."RecipeIngredient" (id, amount,"ingredientId","mealId") VALUES (65,4,39,9);
